crs,adt,count,sum
11110,11105,11,30177169
11110,11110,1,18042
11110,11120,1,847877
11110,11130,1,606133
11110,11320,1,100058
11110,11420,6,2248785
11110,11430,1,14349015
11110,13010,1,5551
11110,15100,1,7758
11110,15105,1,3667937
11110,15110,14,6964085
11110,15120,1,1175699
11110,15140,2,215996
11110,15150,5,620252
11110,15205,15,6566570
11110,15220,8,3293398
11110,16010,46,3833631
11110,16050,1,280563
11110,24030,1,36491
11110,25010,1,196341
11110,31120,1,
11110,41005,1,30927
11110,43030,32,2033120
11110,43081,1,374508
11110,43082,1,109433
11110,51010,20,4842045
11110,53040,1,255920
11110,91010,19,4190646
11110,92005,11,22426592
11110,92030,3,22418
11110,99810,1693,681612212
11120,11105,12,8233483
11120,11120,7,4087233
11120,14081,1,2325
11120,15110,4,502288
11120,15130,3,1824148
11120,15140,2,619564
11120,15150,3,103019
11120,15205,4,463756
11120,16010,1,19810
11120,16050,1,394706
11120,42010,1,22427
11120,43030,74,8238700
11120,43081,3,7342
11120,43082,2,284871
11120,51010,41,9523583
11120,72010,1,722140
11120,91010,38,3142089
11120,92005,27,3083066
11120,92010,1,551423
11120,92020,8,226350
11120,92030,11,338659
11120,99810,541,71780245
11130,11105,6,177574
11130,11420,29,326011
11130,15110,6,848765
11130,16010,1,3247
11130,43030,12,428033
11130,43081,2,16468
11130,51010,19,2147676
11130,91010,11,2439949
11130,92005,1,383242
11130,92030,4,34961
11130,99810,298,29842029
11182,11320,1,1021
11182,15110,2,24414
11182,22040,1,1568
11182,24030,1,199456
11182,43030,12,800625
11182,51010,8,513260
11182,91010,13,1411480
11182,92030,2,13149
11182,99810,41,11840818
11220,11105,11,520862
11220,11320,13,2702823
11220,13010,3,31456
11220,15110,3,215399
11220,15150,7,995324
11220,15205,1,303790
11220,15210,1,7603
11220,15220,1,254423
11220,16010,8,34487549
11220,16020,1,905025
11220,16050,1,8941
11220,24030,9,209831
11220,43010,1,237989
11220,43030,91,8876153
11220,51010,7,748868
11220,73010,1,722140
11220,91010,3,148468
11220,92005,22,6434095
11220,92030,7,376890
11220,99810,745,218705860
11230,11105,5,273963
11230,11230,1,6599
11230,13010,4,49960
11230,15150,5,285310
11230,15205,6,1275161
11230,16010,2,505667
11230,16050,1,75143
11230,22005,1,36088
11230,22040,1,2680940
11230,42010,3,720107
11230,43030,56,4469870
11230,51010,1,141610
11230,91010,6,293610
11230,92005,31,26131030
11230,92030,8,238722
11230,99810,177,73993156
11240,11105,5,192228
11240,15150,1,148774
11240,43030,38,2658619
11240,91010,2,20541
11240,92005,2,59544
11240,92030,5,99205
11240,99810,49,3148872
11320,11105,10,265397
11320,11320,1,506663
11320,13010,1,20354
11320,15110,1,2287
11320,15140,2,138776
11320,15150,1,26800
11320,15205,5,1064300
11320,16010,4,214923
11320,24010,1,998607
11320,24030,2,59576
11320,43030,36,2072568
11320,51010,4,305085
11320,91010,19,4985757
11320,92005,6,7260856
11320,92030,4,118823
11320,99810,416,128839926
11330,11105,3,243094
11330,11120,1,146562
11330,11230,1,20528
11330,11320,1,511364
11330,11330,15,10406207
11330,15110,30,10342343
11330,15130,3,2258809
11330,15140,5,2367454
11330,15150,2,19254
11330,16010,2,737998
11330,22040,1,123605
11330,24010,6,113797
11330,24030,1,46075
11330,31120,1,5875
11330,33120,1,28255
11330,43010,3,1644763
11330,43030,58,6141068
11330,43081,1,64618
11330,43082,1,76648
11330,51010,22,8222487
11330,91010,23,1706514
11330,92005,31,22562898
11330,92020,1,107530
11330,92030,7,67556
11330,99810,999,185046364
11420,11105,30,30478328
11420,11120,2,2426594
11420,11320,1,13708165
11420,11420,51,1890750
11420,15110,6,2164504
11420,15140,3,179582
11420,15150,1,47684
11420,15205,1,154096
11420,16010,16,985390
11420,24010,3,20354
11420,24030,1,9252
11420,43030,21,855059
11420,43081,22,2054069
11420,51010,4,8644566
11420,91010,92,11529779
11420,92005,5,3824133
11420,92030,1,13041
11420,99810,1456,2500665265
11430,11105,23,7109986
11430,11330,8,131394
11430,11420,5,42001
11430,11430,1,5901340
11430,15110,5,794094
11430,15140,4,4168680
11430,15150,2,55151
11430,15205,6,1052257
11430,16010,2,32468
11430,24010,2,196945
11430,43010,2,653055
11430,43030,2,59618
11430,43081,2,9288
11430,43082,3,2045516
11430,51010,6,594700
11430,91010,47,7280514
11430,92005,13,6061344
11430,92020,1,22597
11430,99810,214,24828268
12110,11105,3,284470
12110,11420,2,160857
12110,11430,1,1547725
12110,12110,3,2446249
12110,12182,1,384258
12110,13010,1,7363473
12110,15110,5,492444
12110,15140,2,1641813
12110,15205,1,162902
12110,16010,23,1545973
12110,16020,5,6815157
12110,16050,2,1310926
12110,31120,1,12218
12110,43030,17,1056565
12110,51010,21,7163405
12110,73010,1,361070
12110,91010,8,149822
12110,92005,3,406681
12110,92010,2,2101960
12110,92030,2,18348
12110,99810,1186,601106175
12181,11105,11,584942
12181,11330,1,16291
12181,11420,3,80033
12181,15110,4,709370
12181,15140,1,9185
12181,16010,3,29698
12181,31120,2,108346
12181,43030,18,1280950
12181,43081,2,8143
12181,43082,1,212871
12181,51010,6,1169976
12181,73010,1,43328
12181,91010,2,48885
12181,92030,3,58764
12181,99810,265,134357050
12182,11105,2,185380
12182,11420,2,12630
12182,12182,1,149434
12182,15140,1,25000
12182,15205,1,216642
12182,16010,1,49642
12182,43030,3,105556
12182,43082,2,308768
12182,91010,4,102508
12182,92030,1,15132
12182,99810,5,96218
12191,11105,3,26687
12191,12191,1,30305
12191,15110,4,815739
12191,15140,2,11780
12191,15250,1,492658
12191,16010,5,401398
12191,43030,55,3560015
12191,43081,2,5540
12191,51010,4,764940
12191,73010,1,281635
12191,91010,5,278186
12191,92005,23,15059002
12191,92030,6,112881
12191,99810,111,13837781
12220,11105,3,144817
12220,12191,1,32
12220,13010,2,28680
12220,15110,31,5643431
12220,15140,4,43007
12220,15150,20,425051
12220,15205,1,402118
12220,16010,77,3136158
12220,16050,1,182034
12220,24030,2,13878
12220,25010,45,1052096
12220,43030,75,6101048
12220,51010,3,323526
12220,72010,5,2556851
12220,73010,4,1363395
12220,91010,6,264288
12220,92005,33,7033595
12220,92030,9,454780
12220,99810,866,231520813
12230,11420,1,20275
12230,13010,1,1850
12230,15110,2,300957
12230,15120,1,2704
12230,15150,1,115251
12230,15205,1,89523
12230,43030,68,3821862
12230,51010,6,283757
12230,91010,11,1155393
12230,92005,18,3040134
12230,92030,5,75822
12230,99810,22,1397646
12240,15110,1,4759789
12240,16010,4,781404
12240,16050,1,132287
12240,43030,55,2513363
12240,43081,1,573
12240,92005,7,3265137
12240,92030,1,19706
12240,99810,17,2050429
12250,13040,1,2418139
12250,15110,1,93654
12250,43030,16,274730
12250,51010,9,1624728
12250,91010,2,3148
12250,92005,5,1803456
12250,92020,1,37920
12250,92030,2,38535
12250,99810,192,44985797
12261,11105,2,21842
12261,13020,1,11085
12261,15110,3,381452
12261,16010,1,10181
12261,16050,1,73142
12261,31120,1,19422
12261,43030,30,1829666
12261,43081,1,80559
12261,51010,16,998832
12261,91010,4,62164
12261,92005,7,1117504
12261,92030,3,38239
12261,99810,29,2276103
12262,43030,8,212459
12262,99810,15,4652483
12263,43030,9,760931
12263,99810,49,14549710
12281,11105,21,687113
12281,11420,2,9720
12281,12105,3,34113
12281,15110,6,1678572
12281,16010,6,43589
12281,43030,23,435337
12281,43081,2,70664
12281,51010,12,1895500
12281,92005,2,85639
12281,92030,1,10838
12281,99810,34,2205119
13010,11105,1,14611
13010,11420,6,109536
13010,13010,24,20654969
13010,15100,1,1988321
13010,15110,1,63502
13010,15130,2,132026
13010,15140,1,169909
13010,15150,10,2235691
13010,15205,2,141228
13010,16010,21,6228640
13010,16020,1,7140
13010,24030,1,19859
13010,42010,2,73524
13010,43010,31,6837864
13010,43030,2,90266
13010,51010,1,65987
13010,72010,3,132854
13010,91010,9,372726
13010,92005,1,134918
13010,92030,1,15162
13010,99810,310,33031920
13020,13020,25,1347241
13020,15110,2,108663
13020,15150,1,67552
13020,16010,2,110239
13020,24030,2,44149
13020,43030,44,3694705
13020,43040,1,20665
13020,43081,1,3419419
13020,51010,14,1779185
13020,92005,3,587553
13020,99810,256,58575931
13030,13010,7,40241381
13030,13030,1,395640
13030,15150,31,4497545
13030,16010,28,3520674
13030,43030,3,469747
13030,51010,12,1538704
13030,99810,19,1657440
13040,11105,5,578874
13040,13040,3,1916363
13040,15110,29,23367518
13040,15140,5,997722
13040,15150,3,872077
13040,16010,60,1039508
13040,25010,45,1521492
13040,43010,1,609605
13040,43030,30,2755548
13040,43081,2,626188
13040,51010,33,6769493
13040,91010,2,48239
13040,92005,5,1993639
13040,92020,1,50805
13040,92030,3,49913
13040,99810,266,60587627
13081,13020,1,280187
13081,15110,1,280499
13081,15150,2,15873
13081,43030,5,159655
13081,51010,1,238870
13081,92005,2,218330
13081,99810,5,422600
14010,11105,5,16353
14010,13010,1,23129
14010,15110,3,342857
14010,15140,2,914167
14010,15150,2,72912
14010,16010,2,148990
14010,24030,4,26830
14010,41010,1,1078412
14010,43030,14,949244
14010,43081,1,98
14010,43082,3,303103
14010,51010,4,899285
14010,72010,2,1444280
14010,73010,3,1090431
14010,91010,5,71771
14010,92005,3,743191
14010,92030,1,7221
14010,99810,195,31071714
14015,24030,1,1986
14015,43030,1,17711
14015,43082,23,3610593
14015,51010,2,147749
14015,91010,9,4042939
14015,92005,2,262656
14015,99810,106,19685992
14020,14020,1,9365274
14020,15110,4,501664
14020,16010,3,94158
14020,43030,18,1907922
14020,43082,2,31481
14020,51010,11,1209200
14020,91010,5,324704
14020,92005,4,1612811
14020,92030,1,20795
14020,99810,514,144896997
14021,99810,178,58241603
14022,99810,65,13552923
14030,11105,3,251848
14030,13010,1,27755
14030,14020,611,3552458271
14030,14081,2,68803
14030,15110,8,1738689
14030,15150,1,146867
14030,16010,2,552979
14030,16050,1,236513
14030,24030,10,219267
14030,32310,1,13604
14030,43030,82,11396359
14030,51010,38,6049604
14030,72010,1,108309
14030,73010,3,1233415
14030,91010,2,105247
14030,92005,21,4481914
14030,92030,10,200457
14030,99810,94,10611491
14031,99810,5,2116295
14040,43030,4,331756
14040,51010,3,508177
14040,91010,5,108300
14040,92030,2,17150
14040,99810,514,173826165
14050,11105,1,8070
14050,15110,4,803780
14050,15205,1,303070
14050,43030,14,1463951
14050,51010,11,1732577
14050,73010,1,433284
14050,91010,8,320076
14050,92005,2,453941
14050,92030,3,68361
14050,99810,574,89224470
14081,11105,1,311336
14081,11420,1,7997
14081,15110,2,137601
14081,15140,2,20406
14081,43030,8,150341
14081,43081,3,19645
14081,51010,3,350558
14081,91010,1,54117
14081,92005,3,2489388
14081,92030,1,14291
14081,99810,13,348906
15110,11000,1,16291
15110,11105,67,46239391
15110,11110,17,26789769
15110,11120,135,59618023
15110,11130,4,264647
15110,11220,4,22955174
15110,11230,2,29480
15110,11240,1,20839
15110,11320,24,35075832
15110,11330,36,5681293
15110,11420,99,23813413
15110,11430,54,26624768
15110,12000,3,181521
15110,12005,1,20154846
15110,12110,13,2963158
15110,12191,3,62624033
15110,12220,5,2148190
15110,12230,5,305235
15110,12240,1,1390596
15110,12261,1,141279
15110,13005,4,7233563
15110,13010,165,165876935
15110,13040,35,12811612
15110,13081,1,226620
15110,14000,1,37132
15110,14005,6,8404223
15110,14010,11,18590407
15110,14015,1,642141
15110,14020,10,5126737
15110,14030,2,1453939
15110,14040,4,1120631
15110,14050,8,920869
15110,14081,2,35242
15110,14082,1,28701
15110,15000,92,105906038
15110,15100,966,1996131421
15110,15105,453,677312584
15110,15110,7667,10035869612
15110,15120,863,1004709937
15110,15130,1772,3679470218
15110,15140,8357,10176154594
15110,15150,2538,2192759879
15110,15205,154,174025422
15110,15210,412,1221320001
15110,15220,168,109047617
15110,15230,35,121058747
15110,15240,46,102379406
15110,15250,16,8807409
15110,15261,3,1142595
15110,16010,602,501229362
15110,16020,89,77089453
15110,16030,23,55879150
15110,16050,289,242021807
15110,16081,9,691602
15110,21000,2,9464696
15110,21005,4,1461723
15110,21010,19,14879108
15110,21020,70,10491241
15110,21030,3,1675650
15110,21040,8,2406912
15110,21050,9,2804404
15110,21081,1,66617
15110,22005,8,233207
15110,22010,26,6216327
15110,22020,20,48433489
15110,22030,36,8094614
15110,22040,90,36739143
15110,22081,6,725089
15110,23000,1,26844
15110,23005,2,744923
15110,23010,12,94679570
15110,23020,4,4391960
15110,23030,2,173110
15110,23040,2,164390
15110,23050,4,25314162
15110,23081,2,1314653
15110,23082,3,463042
15110,24000,1,72914
15110,24005,8,2372490
15110,24010,49,666295833
15110,24020,5,1256858
15110,24030,113,16684035
15110,24040,17,10459160
15110,24081,7,3218482
15110,25010,275,545517405
15110,25020,34,79347132
15110,25081,1,317494
15110,31100,1,462309
15110,31105,8,2433896
15110,31110,34,32752640
15110,31120,27,7491905
15110,31130,21,22100925
15110,31140,4,847785
15110,31150,1,258601
15110,31181,1,1394
15110,31182,6,583526
15110,31191,5,1067041
15110,31205,1,4664
15110,31210,4,3890086
15110,31220,2,224007
15110,31282,2,514262
15110,31310,1,25126
15110,31320,6,747167
15110,32105,4,662622
15110,32110,12,1388048
15110,32120,22,29611097
15110,32130,2,703365
15110,32182,24,54749918
15110,32200,1,238860
15110,32210,7,2896813
15110,32220,9,7157749
15110,32310,24,35792659
15110,33100,3,5770861
15110,33105,11,159776039
15110,33110,61,31786287
15110,33120,122,191457264
15110,33130,26,71770257
15110,33140,4,1220126
15110,33181,2,374861
15110,33210,13,1386480
15110,41000,4,904147
15110,41005,28,13919391
15110,41010,113,82391143
15110,41020,1,33017
15110,41030,15,7958883
15110,41040,3,137906
15110,41050,4,587481
15110,41081,7,847615
15110,41082,13,2827331
15110,42010,93,29262354
15110,43010,244,324582623
15110,43030,152,134684824
15110,43040,133,184754717
15110,43081,76,21221721
15110,43082,412,157504248
15110,51010,824,1743570176
15110,52010,31,57227820
15110,53040,9,1237738
15110,53050,18,16817043
15110,60010,22,21399003
15110,60020,6,9635693
15110,60030,5,24656208
15110,60040,1,346167
15110,70000,13,116278017
15110,72000,7,2099738
15110,72010,47,195121460
15110,72050,257,104826624
15110,73010,222,1310586278
15110,74010,89,90144922
15110,910,1,148981
15110,91010,631,236405170
15110,92005,60,38767901
15110,92010,20,5145596
15110,92020,147,123760223
15110,92030,59,17658780
15110,99810,2850,1619248874
15110,99820,23,2487298
15111,11105,5,512003
15111,11110,4,3231133
15111,11120,4,137517
15111,11220,5,55602992
15111,11230,1,657484
15111,11320,1,235187
15111,11330,1,486046
15111,11420,7,2446574
15111,11430,1,2038286
15111,12110,2,872258
15111,13040,4,744588
15111,14010,4,14583539
15111,14020,3,518777
15111,14050,1,68336
15111,15000,16,7051629
15111,15100,173,234845579
15111,15105,18,27397918
15111,15110,507,1130961427
15111,15120,1983,1730340771
15111,15130,72,46125314
15111,15140,224,404256152
15111,15150,79,42553374
15111,15205,6,2769020
15111,15210,35,14160007
15111,15220,5,1960247
15111,15230,1,507318
15111,16010,32,5971006
15111,16020,5,1765335
15111,16050,1,143052
15111,21005,1,299862
15111,21010,2,151613
15111,21020,1,9995364
15111,21050,1,239888
15111,22010,1,224727
15111,22030,3,32233
15111,22040,9,4226859
15111,24005,5,11941428
15111,24010,26,23880246
15111,24020,2,625453
15111,24030,4,644761
15111,24040,3,51868
15111,24081,2,5767821
15111,25010,16,14373590
15111,25020,6,3198124
15111,25081,1,90860
15111,31000,1,179793
15111,31105,1,706616
15111,31120,2,3240276
15111,31210,1,11294579
15111,32120,3,602486
15111,32210,2,1409380
15111,32310,3,176667
15111,33105,1,23787
15111,33110,5,13808833
15111,33120,12,13865901
15111,33130,1,2531607
15111,41005,3,158278
15111,41010,4,220982
15111,41020,1,446392
15111,41081,1,537
15111,42010,6,596508
15111,43010,15,11179819
15111,43030,12,874594
15111,43040,7,2464061
15111,43081,28,3184717
15111,43082,5,668430
15111,51010,68,84337330
15111,53050,1,58624
15111,60010,43,27294362
15111,73010,3,13352332
15111,74010,1,259331
15111,91010,21,4732176
15111,92005,4,3505451
15111,92010,1,119510
15111,92020,12,5960371
15111,92030,4,147901
15111,99810,218,235043045
15111,99820,1,23495
15112,15100,3,573395
15112,15130,1,27678
15112,15140,60,259999482
15112,15150,6,1486707
15112,15220,1,59350
15112,43030,19,3554992
15112,99810,74,15971715
15113,11105,4,9949
15113,15140,22,20783021
15113,99810,1,373863
15120,11120,1,518125
15120,11240,1,
15120,11420,1,11725
15120,15100,21,57233969
15120,15105,1,58965
15120,15110,45,48306581
15120,15120,183,131519119
15120,15130,6,2098169
15120,15140,19,11384489
15120,15150,9,6583638
15120,16010,6,10453378
15120,16020,1,210844
15120,16030,1,21958
15120,21030,1,202291
15120,22030,1,3369
15120,22040,2,3290434
15120,24010,4,1276769
15120,24030,4,643803
15120,24081,1,303518
15120,25010,5,1386287
15120,25020,3,37161128
15120,25081,1,12629
15120,31120,1,3429229
15120,31191,2,
15120,32310,1,355686
15120,33105,1,2037437
15120,33120,2,1096491
15120,41010,1,
15120,42010,2,432793
15120,43010,83,2752175628
15120,43040,1,33695
15120,51010,5,24214206
15120,60010,4,10162
15120,91010,2,3823
15120,92030,1,315649
15120,99810,104,2057596955
15130,11105,1,
15130,11110,1,499169
15130,11120,3,639641
15130,11130,1,581888
15130,11220,2,203293
15130,11320,1,100058
15130,11330,3,3546632
15130,11420,31,29673209
15130,12182,1,364431
15130,12191,2,1626982
15130,13010,5,484068
15130,14020,1,14810
15130,15000,67,82516711
15130,15100,264,369632979
15130,15105,30,23115304
15130,15110,127,117174530
15130,15120,70,30827177
15130,15130,5873,4624709143
15130,15140,262,266693257
15130,15150,449,300778341
15130,15200,1,45054
15130,15205,46,22092885
15130,15210,67,108035856
15130,15220,69,53954145
15130,15230,16,28558743
15130,15240,8,3116174
15130,15261,2,399315
15130,16010,181,45690102
15130,16020,29,6928340
15130,16030,7,2549033
15130,16050,3,297071
15130,16081,45,2198804
15130,21020,2,476938
15130,21040,1,373539
15130,22010,2,24731
15130,22030,4,942937
15130,22040,3,2815654
15130,23010,3,1304852
15130,23030,1,84056
15130,23040,1,190775
15130,24010,6,238163
15130,24030,2,18688
15130,24040,1,93385
15130,25010,40,38293425
15130,31100,1,480341
15130,31110,2,578045
15130,31191,1,25024
15130,32110,1,18504
15130,32182,1,524944
15130,32210,1,523404
15130,32310,1,68558
15130,33110,1,1302
15130,33120,1,998816
15130,33130,1,37063
15130,33140,1,88607
15130,33210,1,69864
15130,41010,3,1477304
15130,41030,2,330866
15130,42010,34,15738562
15130,43010,10,4435922
15130,43030,14,649549
15130,43040,5,1085688
15130,43081,9,34901353
15130,43082,10,363537
15130,51010,27,149005064
15130,52010,1,2030943
15130,60010,2,1804397
15130,70000,8,81134919
15130,72000,1,144637
15130,72010,17,5269960
15130,73010,63,953913047
15130,74010,3,492337
15130,91010,208,11354798
15130,92005,15,7953222
15130,92010,3,908168
15130,92020,10,4252858
15130,92030,3,645238
15130,93010,1,223190
15130,99810,410,92199660
15140,11105,3,139600765
15140,11110,2,327272
15140,11120,12,11301397
15140,11130,1,74213
15140,11220,2,3293732
15140,11320,1,75580
15140,11330,1,
15140,11420,6,1441975
15140,11430,3,2834041
15140,12110,1,14391
15140,12191,3,3495366
15140,13010,28,39569638
15140,13020,1,173153
15140,13040,1,137239
15140,14005,1,56215
15140,14010,6,1466933
15140,14020,3,6123714
15140,14030,1,87352
15140,14050,3,147273
15140,14082,4,5548865
15140,15000,3,498318
15140,15100,48,55869511
15140,15105,36,25245651
15140,15110,415,600492089
15140,15120,141,197678519
15140,15130,336,583442328
15140,15140,2155,3619693515
15140,15150,415,601268958
15140,15200,1,3529882
15140,15205,14,127594303
15140,15210,49,42636956
15140,15220,28,263345631
15140,15230,2,4085141
15140,15240,14,46684154
15140,16010,122,180262438
15140,16020,43,291149185
15140,16030,8,44138987
15140,16050,5,79563525
15140,16081,1,6516
15140,21010,12,14245117
15140,21020,9,5678228
15140,21040,1,5677794
15140,22005,1,77934
15140,22010,18,32358920
15140,22020,1,126907
15140,22030,3,710645
15140,22040,24,58941910
15140,24005,1,1609600
15140,24010,7,26339437
15140,24030,4,753776
15140,24081,1,2147822
15140,25010,17,4908397
15140,25020,2,1770564
15140,31105,1,5509383
15140,31110,9,6895777
15140,31120,1,665608
15140,31130,127,258948428
15140,31140,2,8871805
15140,31182,3,855037
15140,31191,1,977507
15140,31210,3,654207
15140,31220,1,635193
15140,31320,2,21298832
15140,32105,1,99052
15140,32110,1,97918
15140,32120,2,708231
15140,32182,7,4743662
15140,32210,14,5366572
15140,32220,1,6615753
15140,32310,3,2731063
15140,33100,1,48398
15140,33110,7,4266829
15140,33120,70,109053308
15140,33130,1,
15140,33140,2,186261
15140,33210,4,806066
15140,41005,2,10706922
15140,41010,20,24546921
15140,41020,6,3926863
15140,41030,1,548955
15140,41050,6,1829551
15140,41082,1,959414
15140,42010,7,1577282
15140,43010,41,70589088
15140,43030,20,7437876
15140,43040,40,75483609
15140,43081,6,16457977
15140,43082,18,14609197
15140,51010,65,82104574
15140,52010,5,1915406
15140,53050,19,7248030
15140,72010,5,1649175
15140,73010,10,15454982
15140,74010,13,14982625
15140,91010,55,4712370
15140,92005,2,546674
15140,92010,2,10696196
15140,92030,5,10453121
15140,99810,252,867181568
15140,99820,1,17578
15150,11000,2,32334
15150,11105,65,33288820
15150,11110,8,2068206
15150,11120,120,102585414
15150,11130,7,1152420
15150,11182,1,44562
15150,11220,8,8867654
15150,11230,11,3798215
15150,11240,4,1371765
15150,11320,8,4010624
15150,11330,9,1840983
15150,11420,23,6766980
15150,11430,5,890321
15150,12000,2,462880
15150,12005,3,1065339
15150,12100,1,308024
15150,12105,1,43062
15150,12110,8,2838981
15150,12191,10,3835306
15150,12220,22,9669078
15150,12230,2,803210
15150,12250,5,1105315
15150,12261,4,7800874
15150,13000,1,789503
15150,13010,19,15410024
15150,13020,9,3080370
15150,13030,7,5860612
15150,13040,17,5591893
15150,14000,1,442121
15150,14005,2,163601
15150,14010,2,6355942
15150,14015,1,749179
15150,14020,1,45866
15150,14030,2,532090
15150,15000,50,36643043
15150,15100,310,363862380
15150,15105,269,161427200
15150,15110,646,612494723
15150,15120,122,34669481
15150,15130,208,207255775
15150,15140,860,776496026
15150,15150,9588,8868991130
15150,15200,2,2242914
15150,15205,173,129342660
15150,15210,67,77259933
15150,15220,327,202226452
15150,15230,60,40512958
15150,15240,24,5349995
15150,15250,19,5184477
15150,15261,2,11405
15150,16010,1500,598004458
15150,16020,123,83112000
15150,16030,14,6360292
15150,16050,53,33263089
15150,16081,26,12744037
15150,21020,11,43896338
15150,21040,1,51116
15150,21050,1,112957
15150,22000,1,24700
15150,22005,2,268450
15150,22010,5,642477
15150,22020,3,92092
15150,22030,29,2979979
15150,22040,19,1138090
15150,22081,9,390807
15150,23010,2,68971
15150,24005,1,2690
15150,24010,3,848385
15150,24030,10,4145552
15150,24040,8,2279670
15150,25010,108,50170386
15150,25020,3,567128
15150,31000,1,49087
15150,31100,1,122676
15150,31105,6,1246192
15150,31110,15,3183912
15150,31120,18,8929113
15150,31130,3,974583
15150,31140,1,363392
15150,31181,10,4917831
15150,31182,1,44264
15150,31191,18,11563805
15150,31205,1,31302
15150,31210,5,10401768
15150,31220,2,504870
15150,31310,2,510569
15150,31391,1,140093
15150,32110,1,233592
15150,32120,6,6774654
15150,32140,4,698372
15150,32181,1,209048
15150,32205,2,113493
15150,32210,1,124578
15150,32220,5,1223964
15150,32310,4,2733974
15150,33105,3,377289
15150,33110,24,8110641
15150,33120,1,440574
15150,33130,4,352258
15150,33181,1,1270162
15150,33210,7,3437675
15150,41000,5,2168059
15150,41005,9,3649897
15150,41010,28,17237128
15150,41020,1,1279710
15150,41030,3,1305418
15150,41040,3,957548
15150,41081,5,353748
15150,41082,4,167131
15150,42010,227,73806378
15150,43010,168,139199811
15150,43030,116,352790813
15150,43040,165,128687181
15150,43050,1,7513528
15150,43081,29,7132310
15150,43082,44,8021799
15150,51010,352,517085594
15150,52010,17,23467183
15150,60010,6,1872443
15150,60020,1,77356
15150,60030,2,417753
15150,72000,1,372908
15150,72010,54,21818999
15150,72050,2,858267
15150,73010,44,227177907
15150,74010,25,12218181
15150,91010,397,84613958
15150,92000,12,2161313
15150,92005,238,500962732
15150,92010,123,87202086
15150,92020,153,263293207
15150,92030,472,103589345
15150,93010,2,861432
15150,99810,716,689810079
15150,99820,18,20407636
15151,11220,2,15311
15151,11320,2,939838
15151,11420,1,30927
15151,13010,3,883705
15151,15000,3,6467883
15151,15100,27,123206713
15151,15105,7,476015
15151,15110,5,2090630
15151,15120,2,1933542
15151,15130,17,4320689
15151,15140,124,29798527
15151,15150,3059,2981932531
15151,15205,4,2033200
15151,15210,5,246091
15151,15220,10,2941365
15151,15230,8,14001249
15151,15240,1,204809
15151,16010,4,311436
15151,16020,2,799856
15151,16050,1,1225087
15151,16081,1,38500
15151,21020,1,359649
15151,22030,3,2220453
15151,24010,1,1555
15151,25010,1,100825
15151,42010,8,4191636
15151,43010,4,5123623
15151,51010,2,107451
15151,70000,4,49859729
15151,72010,1,4240959
15151,72050,3,1024989
15151,73010,7,23496890
15151,91010,16,3860961
15151,92005,4,669760
15151,92010,3,420722
15151,92020,3,1412357
15151,92030,4,1434142
15151,99810,26,6015372
15152,15140,7,2275814
15152,15150,31,24151917
15152,15205,1,103331
15152,91010,49,1835196
15153,11105,2,750106
15153,11110,1,475728
15153,11120,12,8382213
15153,11220,1,634252
15153,11420,6,11304601
15153,11430,1,2265
15153,13010,4,1773117
15153,13040,1,547477
15153,15000,10,2671466
15153,15100,17,5264493
15153,15105,9,1744560
15153,15110,53,18684072
15153,15120,8,193251
15153,15130,17,3993281
15153,15140,41,65563027
15153,15150,2021,1129864998
15153,15205,8,4196448
15153,15210,10,1612237
15153,15220,24,7331137
15153,15230,8,3140027
15153,15240,2,111761
15153,15250,1,2561957
15153,16010,73,21332900
15153,16020,11,2421799
15153,16050,1,223614
15153,21020,1,297560
15153,22005,24,12291608
15153,22010,38,15476445
15153,22020,2,255739
15153,22030,107,40061026
15153,22040,27,7893460
15153,22081,13,6146669
15153,24010,1,5042760
15153,24030,7,1080997
15153,25010,9,4524062
15153,25020,2,31788
15153,31220,1,99690
15153,32210,1,52335
15153,33130,1,138115
15153,41005,4,217258
15153,41010,1,185035
15153,41081,1,11973
15153,42010,17,5285896
15153,43010,6,9116363
15153,43030,4,251148
15153,43040,1,41834
15153,43081,2,119856
15153,43082,20,3919850
15153,51010,25,4941971
15153,72000,1,393038
15153,73010,3,651155
15153,74010,1,298590
15153,91010,2,167381
15153,92005,6,2844478
15153,92020,4,240308
15153,92030,3,98570
15153,99810,115,16328035
15153,99820,3,732098
15160,11000,1,881746
15160,11105,30,6255115
15160,11110,13,2873251
15160,11120,36,12371398
15160,11130,2,83459
15160,11182,1,449204
15160,11220,6,689377
15160,11230,3,737453
15160,11240,2,160301
15160,11320,3,66765
15160,11330,1,77347
15160,11420,24,3706086
15160,12005,1,19449
15160,12110,5,663808
15160,12181,3,899566
15160,12182,1,260220
15160,12191,12,3028145
15160,12220,11,10384270
15160,12230,1,77138
15160,12240,1,91508
15160,12261,1,857734
15160,12281,1,60707
15160,13010,37,17822573
15160,13020,58,11657395
15160,13040,7,643381
15160,14005,1,10885
15160,14010,1,99187
15160,14020,1,11302
15160,15000,113,20235440
15160,15100,261,104932267
15160,15105,78,37088013
15160,15110,167,87574563
15160,15120,34,15257538
15160,15130,674,285471928
15160,15140,148,115403969
15160,15150,8819,3925703198
15160,15200,1,803779
15160,15205,132,70662499
15160,15210,68,27157580
15160,15220,319,183123429
15160,15230,191,33982365
15160,15240,32,20482883
15160,15250,8,4040533
15160,15261,22,3697403
15160,16010,1090,369396816
15160,16020,233,39751640
15160,16030,10,2062132
15160,16050,23,10032515
15160,16081,7,659190
15160,21010,1,23916
15160,21020,3,3863614
15160,21040,1,1321585
15160,22005,3,576466
15160,22010,1,61949
15160,22020,1,9423
15160,22030,23,4390679
15160,22040,4,343099
15160,22081,1,201710
15160,24005,1,46391
15160,24030,28,1523983
15160,24040,6,2948245
15160,25010,12,2592761
15160,25081,2,419790
15160,31110,1,84477
15160,31120,3,167087
15160,31181,1,117000
15160,31220,1,51634
15160,32105,1,186769
15160,32120,1,10897
15160,32130,1,6305
15160,32210,3,997093
15160,32220,2,1352157
15160,32310,1,14641
15160,33110,4,2680920
15160,33120,2,2020422
15160,33210,1,90867
15160,41005,5,1990516
15160,41010,3,635672
15160,42010,309,116421507
15160,43010,40,26842938
15160,43030,52,7645926
15160,43040,10,3041475
15160,43081,8,5983427
15160,43082,21,9159386
15160,51010,83,47233726
15160,52010,13,7032601
15160,72000,1,268494
15160,72010,85,32784870
15160,72020,3,553441
15160,72050,15,8932193
15160,73010,19,9030451
15160,74010,6,4172242
15160,91010,59,26804926
15160,92000,2,11051403
15160,92005,49,22749645
15160,92010,20,11730664
15160,92020,78,28412981
15160,92030,39,11211540
15160,93010,2,5781261
15160,99810,583,274846037
15160,99820,3,383927
15161,11120,1,156032
15161,11420,2,59834
15161,15100,3,802285
15161,15105,1,269556
15161,15110,3,110571
15161,15130,5,75088
15161,15140,18,1127116
15161,15150,395,123560993
15161,15210,1,
15161,15220,6,1563274
15161,16010,2,138486
15161,16020,1,15524
15161,22020,1,1263681
15161,22030,1,134832
15161,22040,1,419570
15161,42010,4,527263
15161,43082,1,126354
15161,51010,1,2527
15161,72010,1,692428
15161,91010,1,12130
15161,92010,1,
15161,92020,1,249200
15161,99810,5,2475140
15162,11000,1,34946
15162,11130,1,
15162,11230,3,45201
15162,11320,1,2890887
15162,11420,1,70085
15162,12110,3,677533
15162,12191,2,264422
15162,12220,6,3039140
15162,13010,4,340779
15162,15000,7,619293
15162,15100,8,2590280
15162,15105,4,42401
15162,15110,18,7241753
15162,15120,2,33695
15162,15130,46,12449008
15162,15140,6,619572
15162,15150,648,242283882
15162,15205,5,150103
15162,15210,2,139737
15162,15220,19,2603798
15162,15230,1,865535
15162,15240,1,519321
15162,15261,1,35733
15162,16010,66,12355113
15162,16020,10,1301799
15162,16081,1,
15162,24040,2,878146
15162,25010,1,2420643
15162,31181,1,19388
15162,33120,1,5118
15162,33140,1,14269
15162,33181,1,6739
15162,42010,49,6260122
15162,43010,3,708296
15162,43081,1,2527
15162,43082,1,605874
15162,51010,5,3696021
15162,72010,11,8630778
15162,74010,2,6940
15162,91010,6,814477
15162,92020,2,388452
15162,92030,1,168473
15162,99810,59,392068630
15163,11105,2,141368
15163,11120,4,107420
15163,11420,1,16847
15163,11430,2,268917
15163,15110,9,2443448
15163,15130,5,1078669
15163,15140,2,51700
15163,15150,379,54599770
15163,15220,5,336874
15163,16010,11,675325
15163,16020,1,78643
15163,22005,4,463874
15163,22010,2,1313756
15163,22030,30,8545679
15163,22040,11,530293
15163,22081,4,823333
15163,25081,3,11327
15163,42010,8,699680
15163,43082,1,13675
15163,51010,2,336945
15163,73010,1,196607
15163,91010,1,16991
15163,92005,1,10197
15163,92010,1,50089
15163,99810,13,578190
15164,13010,2,29873460
15164,13020,1,128393
15164,14020,1,3703259
15164,15110,1,681338
15164,15130,2,2172124
15164,15150,87,47247103
15164,15205,1,5500
15164,16010,7,3481899
15164,16020,1,10378
15164,16050,1,890082
15164,22040,1,24752
15164,25010,2,6141225
15164,31120,1,66717
15164,32120,2,1892136
15164,32140,4,304386
15164,42010,806,550951812
15164,43010,1,384083
15164,43040,3,2601352
15164,74010,1,29422
15164,91010,4,100349
15164,92020,2,296234
15164,99810,5,1145627
15164,99820,1,1986847
15170,11105,15,11194924
15170,11110,2,107873
15170,11120,12,688628
15170,11130,2,2229481
15170,11220,2,374128
15170,11230,6,983220
15170,11320,3,714614
15170,11330,4,949996
15170,11420,15,9592497
15170,11430,2,276480
15170,12005,1,17499
15170,12105,2,451483
15170,12110,1,412988
15170,12181,1,226302
15170,12182,1,19041
15170,12191,4,114361
15170,12220,1,14825
15170,12230,2,377467
15170,12240,3,688871
15170,12261,1,80989
15170,13010,10,1438159
15170,13020,47,16823389
15170,13030,1,146827
15170,13040,6,1224592
15170,13081,1,54467
15170,14030,1,212916
15170,15000,4,216072
15170,15100,42,10496253
15170,15105,10,3021189
15170,15110,65,120482158
15170,15120,3,208265
15170,15130,56,11038546
15170,15140,21,16210635
15170,15150,1983,825971513
15170,15200,1,2367050
15170,15205,8,1659023
15170,15210,1,7471
15170,15220,25,5671110
15170,15230,6,713839
15170,16010,137,28088756
15170,16020,27,19403097
15170,16030,1,15270
15170,16050,12,5216944
15170,16081,3,661904
15170,22000,1,13192
15170,22005,1,46051
15170,22030,9,1665225
15170,22040,3,926887
15170,22081,2,400873
15170,23005,1,396031
15170,23020,1,2681
15170,24005,1,5881927
15170,24010,3,188616
15170,24030,16,2747482
15170,24040,8,1408748
15170,25010,13,2791437
15170,25081,2,583983
15170,31100,2,129192
15170,31110,2,54924
15170,31120,5,823793
15170,31130,2,58441
15170,31140,1,142422
15170,31181,1,186358
15170,31182,1,515741
15170,31300,1,52600
15170,32000,1,217624
15170,32120,4,5194692
15170,32130,1,62940
15170,32140,5,532879
15170,32181,1,42627
15170,32182,1,135368
15170,32310,1,50459
15170,33110,1,1061367
15170,33210,4,346153
15170,41005,2,131850
15170,41010,6,35390
15170,41020,1,14698
15170,41030,2,486159
15170,41040,1,260820
15170,42010,3086,880641302
15170,43010,27,3367074
15170,43030,73,15171052
15170,43040,17,5071215
15170,43081,7,1897591
15170,43082,14,1822765
15170,51010,41,11680549
15170,52010,3,303888
15170,72010,6,1361946
15170,72040,1,136743
15170,73010,4,402999
15170,91010,19,6031608
15170,92005,30,12243215
15170,92010,8,2037015
15170,92020,49,10822676
15170,92030,57,10667654
15170,93010,1,596138
15170,99810,127,25084683
15210,11110,3,708275
15210,11120,8,217247
15210,11130,1,51571
15210,11230,1,88934
15210,12281,1,56900
15210,13010,5,8642022
15210,14005,1,248317
15210,14020,1,14920
15210,14050,1,20024
15210,15000,6,10570803
15210,15100,14,64190676
15210,15105,15,64460132
15210,15110,24,67959192
15210,15120,23,40746126
15210,15130,264,522707607
15210,15140,66,61174904
15210,15150,18,23847117
15210,15205,57,28801220
15210,15210,615,328129086
15210,15220,37,489897644
15210,15230,35,14567150
15210,15240,27,46566141
15210,15250,3,242434
15210,16010,6,2948543
15210,16030,7,242059
15210,21010,1,1009
15210,21020,1,65170
15210,21040,4,39257
15210,21050,4,2678966
15210,21061,1,
15210,22030,5,74066
15210,22040,6,296300
15210,23020,9,60868495
15210,25010,2,758152
15210,31320,1,70738
15210,32120,3,135164
15210,33110,49,96052021
15210,33120,102,19099679
15210,42010,7,2605170
15210,43030,2,2019213
15210,43081,2,116144
15210,43082,2,346231
15210,51010,2,415473
15210,52010,2,919401
15210,53050,21,1479931
15210,70000,2,86907468
15210,72010,3,764067
15210,72020,1,652309
15210,73010,4,3534724
15210,74010,5,3157670
15210,91010,24,746067
15210,92005,2,925397
15210,92020,6,2734090
15210,92030,1,288811
15210,93010,2,58828137
15210,99810,107,74888359
15210,99820,2,13399
15220,11100,2,8216284
15220,11105,16,3570761
15220,11110,1,23326
15220,11120,22,6455340
15220,11130,4,152437
15220,11220,3,3514976
15220,11230,3,572385
15220,11420,7,386016
15220,12005,3,580808
15220,12110,1,1457946
15220,12182,1,1008364
15220,12191,3,1880790
15220,12220,2,1101868
15220,13010,9,1247904
15220,13020,1,11464
15220,13040,5,21422202
15220,14005,3,2661853
15220,14010,2,221677
15220,14015,1,334832
15220,15000,30,15418873
15220,15100,17,12209831
15220,15105,45,117892260
15220,15110,128,90561362
15220,15120,3,1853605
15220,15130,185,147803957
15220,15140,87,69238615
15220,15150,415,188183720
15220,15200,6,1306426
15220,15205,518,794453880
15220,15210,204,209876882
15220,15220,2763,1996144992
15220,15230,85,126053373
15220,15240,40,18483986
15220,15250,32,34693196
15220,15261,4,1161799
15220,16010,178,28009695
15220,16020,6,1159438
15220,16030,5,6187386
15220,16050,5,847239
15220,16081,4,129989
15220,21005,1,87702
15220,21040,1,69404
15220,21050,3,2871014
15220,22005,1,489232
15220,22010,3,874849
15220,22020,12,79746994
15220,22030,20,4876282
15220,23010,1,4891
15220,23040,2,974611
15220,24010,2,1568067
15220,24030,3,3093243
15220,24081,1,63538
15220,25010,47,1516570
15220,25081,1,4004804
15220,31120,1,212087
15220,31150,1,235202
15220,32120,1,131553
15220,33120,2,113940
15220,41005,1,2669870
15220,41010,9,2383072
15220,42010,38,17511074
15220,43010,14,14876732
15220,43030,19,1337721
15220,43040,6,4891485
15220,43081,7,1175722
15220,43082,19,6839444
15220,51010,34,49835418
15220,52010,1,1020561
15220,72010,39,85320362
15220,72020,2,2006323
15220,72050,9,325530
15220,73010,64,250882493
15220,74010,14,7802981
15220,91010,113,74369974
15220,92005,8,6698079
15220,92010,2,350146
15220,92020,30,17365463
15220,92030,9,7424060
15220,99810,174,132850838
15220,99820,2,323640
15230,11105,6,696756
15230,11120,7,622357
15230,11182,1,18485
15230,11420,5,405373
15230,11430,1,244236
15230,12005,1,425090
15230,12110,1,58388
15230,12191,1,220137
15230,12220,1,56031
15230,12230,1,145715
15230,12240,1,722796
15230,13010,5,2288019
15230,14030,1,115820
15230,14082,1,253236
15230,15000,73,71310004
15230,15100,5,3043397
15230,15105,68,16105449
15230,15110,131,74842869
15230,15120,1,311649
15230,15130,93,80258023
15230,15140,34,66854615
15230,15150,129,96021593
15230,15200,9,9665997
15230,15205,490,596455753
15230,15210,135,255835064
15230,15220,429,460019616
15230,15230,939,1233822656
15230,15240,93,182402395
15230,15250,192,253376802
15230,15261,5,5543056
15230,16010,27,16238855
15230,16020,5,750518
15230,16030,1,3935
15230,16050,2,343155
15230,21005,1,798139
15230,21040,2,97863
15230,21050,1,1509
15230,22005,1,26975
15230,22010,2,728345
15230,22030,1,18677
15230,22040,2,338905
15230,23020,9,2577248
15230,23040,1,590679
15230,24005,1,184533
15230,24030,2,800471
15230,25010,5,1583918
15230,31105,1,60497
15230,31120,2,192917
15230,32205,1,188013
15230,32210,1,897033
15230,32220,1,39433
15230,33120,2,708294
15230,33140,1,42090
15230,41010,2,146559
15230,41020,3,435867
15230,42010,16,4910275
15230,43010,10,2562628
15230,43030,9,426510
15230,43040,2,301544
15230,43081,3,1349840
15230,43082,8,2119899
15230,51010,26,93300293
15230,70000,4,81347216
15230,72010,44,233490717
15230,72020,1,2200174
15230,72050,4,5091529
15230,73010,49,629370728
15230,74010,6,9124006
15230,91010,15,66059900
15230,92005,13,2139470
15230,92010,2,987255
15230,92020,36,108017380
15230,92030,10,3397510
15230,99810,121,157549001
15230,99820,1,157337
15240,11120,1,5647833
15240,12191,2,317853
15240,12220,1,534236
15240,12250,5,381283263
15240,14050,1,
15240,15000,1,586832
15240,15100,5,6394928
15240,15110,8,1862043
15240,15120,1,804334
15240,15130,5,6781437
15240,15140,3,1259115
15240,15150,14,13102976
15240,15200,10,17979300
15240,15205,40,427629027
15240,15210,61,1187541760
15240,15220,32,215795974
15240,15230,17,93486697
15240,15240,512,1175885089
15240,15250,6,1650688
15240,15261,6,5034513
15240,16010,4,22618846
15240,16020,2,2087497
15240,16050,1,29405
15240,25010,1,933846
15240,32182,1,4290292
15240,33120,1,7289745
15240,41005,6,3436361
15240,43040,1,336474
15240,43081,1,2713
15240,43082,2,2309599
15240,51010,2,561670
15240,53050,2,7676667
15240,72010,1,165653
15240,72020,1,284915
15240,72050,1,228792
15240,73010,4,7364295
15240,74010,2,5637519
15240,91010,4,3874702
15240,92020,2,747843
15240,92030,1,17068
15240,99810,17,39259561
15250,11120,1,17578
15250,11420,1,27755
15250,12191,1,22928
15250,12220,2,1272623
15250,14082,1,207984
15250,15000,1,1465365
15250,15105,2,2753256
15250,15110,3,9328372
15250,15120,2,792796
15250,15140,3,1347324
15250,15150,10,1508639
15250,15200,9,10803042
15250,15205,20,23428866
15250,15210,6,1152040
15250,15220,2,553374
15250,15230,29,33505167
15250,15240,16,259497718
15250,15250,2066,2270727679
15250,16010,11,3544317
15250,16020,1,
15250,16030,1,336529
15250,21020,1,599669
15250,22020,2,218172
15250,31120,1,60475
15250,31130,1,3471815
15250,32120,1,59998
15250,32181,1,1739872
15250,32182,1,437379
15250,32205,2,889211
15250,32210,1,598081
15250,32220,2,175930
15250,33110,1,46074
15250,43010,4,6973113
15250,43030,2,139675
15250,43040,2,280927
15250,43081,2,202512
15250,51010,6,2462879
15250,52010,1,607448
15250,60030,1,66832
15250,72000,1,60859
15250,72010,12,10689020
15250,72020,1,23374
15250,73010,4,2025789
15250,74010,2,488457
15250,91010,3,1617138
15250,92010,4,1597625
15250,92020,2,2833516
15250,99810,16,11128429
15261,11120,1,114096
15261,15105,1,391654
15261,15130,2,400768
15261,15150,9,375344
15261,15205,2,233788
15261,15220,2,384270
15261,15230,1,285720
15261,15261,112,35964970
15261,16010,7,995718
15261,16030,1,25956
15261,16050,1,873882
15261,24010,1,29651
15261,43030,5,184920
15261,51010,1,800961
15261,73010,1,143541
15261,91010,1,40098
15261,92020,1,93289
15261,99810,2,1206235
16010,11105,22,2144840
16010,11120,1,3682928
16010,11320,1,21286
16010,13010,3,26830
16010,13020,1,30
16010,15110,2,693497
16010,15130,31,3148287
16010,15140,5,2904915
16010,15150,37,21451750
16010,15205,1,73379
16010,16010,183,50029244
16010,16020,2,639966
16010,16050,4,21057979
16010,16081,1,198703
16010,24030,3,60081
16010,42010,1,3164
16010,43030,97,10442337
16010,43082,3,104987
16010,51010,50,16436839
16010,91010,23,1099873
16010,92005,21,11558746
16010,92030,7,690546
16010,99810,1518,555182626
16020,11105,3,5729066
16020,15110,15,15361738
16020,15120,3,91626
16020,15130,1,1190249
16020,15140,1,34762
16020,15150,7,2410057
16020,15205,20,3404792
16020,15230,1,356984
16020,16010,4,1103361
16020,16020,93,9783808
16020,16050,2,1076001
16020,16081,2,1141115
16020,24010,1,54738
16020,41005,1,665181
16020,42010,2,4875970
16020,43030,39,5200095
16020,51010,22,3000804
16020,91010,4,118685
16020,92005,2,551080
16020,92020,3,34789
16020,99810,601,52526824
16030,11105,2,32564
16030,15140,1,5647
16030,15205,18,8111329
16030,16010,2,36852
16030,25010,45,258977
16030,43030,8,396162
16030,43040,2,5367379
16030,51010,7,437630
16030,91010,2,35220
16030,92005,8,2957253
16030,92030,1,9739
16030,99810,329,27920981
16040,11105,2,87604
16040,16010,4,452353
16040,43030,35,6527548
16040,51010,11,2171146
16040,92005,10,3969844
16040,99810,7,767666
16050,11105,1,48229
16050,13010,1,768102
16050,15110,2,220959
16050,15130,7,990533
16050,15140,1,3039980
16050,15150,55,10249377
16050,16010,94,21495933
16050,43010,195,114593286
16050,43030,57,7934055
16050,51010,36,11508913
16050,91010,14,314817
16050,92005,17,31231480
16050,92030,1,26381
16050,99810,426,249921846
16061,11105,21,1468772
16061,13010,13,74014
16061,15110,3,135757
16061,15150,5,871456
16061,16010,25,4454657
16061,24030,4,46259
16061,43030,47,3105091
16061,43082,2,372348
16061,51010,18,3080812
16061,91010,24,643546
16061,92030,2,23013
16061,99810,1102,199209292
16062,11105,2,93508
16062,15120,2,729191
16062,15140,1,8607
16062,16010,7,503059
16062,16081,1,344224
16062,99810,505,71460045
16063,11105,2,20996
16063,43030,4,102718
16063,51010,3,111954
16063,99810,57,769923
16064,15150,4,295635
16064,16010,3,520927
16064,42010,2,199310
16064,43030,14,563438
16064,43082,1,327005
16064,92005,1,462460
16064,99810,2,15079
21010,15110,1,8611
21010,15140,1,2435298
21010,15150,3,439012
21010,21020,1,479557
21010,32310,1,220627
21010,41005,1,27342
21010,43010,3,593185
21010,43030,2,173872
21010,43082,2,186510
21010,51010,3,319801
21010,92005,1,533
21010,92030,2,1456
21010,99810,441,125481435
21020,15110,3,477996
21020,15140,1,218392
21020,16010,3,1010927
21020,21020,4,5962820
21020,32120,2,6041084
21020,43010,1,18150
21020,43030,15,977677
21020,43081,1,3960
21020,51010,7,1292161
21020,91010,1,37327
21020,92030,1,4944
21020,99810,446,213784227
21030,99810,109,39791136
21040,15140,1,597666
21040,32120,1,1528152
21040,91010,1,24329
21040,99810,321,120204821
21050,15105,1,26967
21050,51010,1,10413
21050,91010,1,148
21050,92030,1,8244
21050,99810,195,34502807
21061,99810,1,402109
21081,15110,1,186897
21081,31120,1,65659
21081,43081,1,77009
21081,51010,1,233723
21081,91010,8,89556
21081,99810,2,110657
22010,15110,2,69070
22010,15150,3,676385
22010,15205,2,513654
22010,22040,1,67095
22010,42010,2,430671
22010,43010,1,446230
22010,43030,1,41777
22010,51010,4,254681
22010,91010,1,9129
22010,92005,1,486754
22010,99810,633,193638912
22020,11420,1,981523
22020,15140,1,208233
22020,15150,1,46742
22020,16010,3,3432
22020,91010,1,11468
22020,99810,380,33565151
22030,11105,26,1292124
22030,15150,7,1200851
22030,15205,9,1210756
22030,16010,13,35096
22030,22005,2,38051
22030,22030,1,129534
22030,43030,6,112793
22030,51010,7,164186
22030,91010,1,2998
22030,92005,2,173894
22030,99810,395,85367035
22040,13010,2,17578
22040,15110,1,510812
22040,22040,1,194367
22040,41010,1,23129
22040,43030,9,154347
22040,51010,1,92346
22040,99810,96,18229463
23010,15110,9,1572443
23010,15150,2,71365
23010,43030,1,8007
23010,51010,1,1263762
23010,91010,3,103509
23010,99810,738,175667215
23020,32120,1,4086465
23020,43030,1,18496
23020,99810,6,1738434
23030,11105,3,7157
23030,15110,1,56267
23030,43030,4,291904
23030,51010,4,370449
23030,91010,1,34048
23030,99810,223,38636463
23040,11105,1,1893
23040,43030,13,476612
23040,51010,1,8047
23040,99810,6,1005907
23050,43030,2,123786
23062,91010,1,82090
23062,99810,1,661565
23063,99810,6,450052
23065,15110,2,8530732
23065,32120,1,9245963
23065,43030,1,15410
23065,51010,2,118490
23065,99810,2,567942
23066,99810,5,1675776
23067,15110,1,84753
23067,43030,7,194751
23067,51010,3,120959
23067,91010,4,257595
23067,92005,2,33010
23067,99810,8,861303
23068,51010,1,225
23068,91010,2,517578
23068,99810,1,5288
23070,16010,1,6293
23070,91010,1,18139
23070,92005,1,18514
23070,99810,16,1289580
23081,11105,3,177491
23081,16010,2,53145
23081,31120,2,
23081,43030,1,27200
23081,91010,2,21542
23081,99810,11,478651
23082,43030,2,377207
23082,43082,1,106435
23082,99810,3,91644
24010,11105,2,408086
24010,11430,1,14322777
24010,15110,1,2101960
24010,15120,10,5166098
24010,15130,2,4412798
24010,15140,1,1788807
24010,15205,1,72214
24010,16020,2,9936060
24010,24010,47,101586690
24010,24030,2,21370
24010,24040,1,2071662
24010,25010,5,41367588
24010,33120,1,581182
24010,43030,1,72413
24010,51010,2,91807552
24010,60010,1,7328
24010,91010,2,5203
24010,92010,2,2456337
24010,99810,780,103369813
24020,15105,1,20719
24020,24040,1,985782
24020,99810,13,893119
24030,15110,1,4344051
24030,15120,2,2025270
24030,24010,2,1054550
24030,43010,3,163023
24030,99810,24,1830031
24040,15110,6,645956
24040,16010,60,2922153
24040,24010,3,480739
24040,24040,1,17534
24040,25010,49,1862754
24040,43030,20,1405115
24040,51010,12,1003403
24040,92005,3,1494922
24040,99810,49,1354041
24081,15205,2,128955
24081,43030,1,20863
24081,99810,36,1111884
25010,11105,24,1178340
25010,15105,1,7354
25010,15110,32,18324693
25010,15120,1,210621
25010,15140,17,532200
25010,15150,5,2739854
25010,15205,2,166976
25010,16010,9,194509
25010,25010,62,37116709
25010,31120,4,215835
25010,41005,1,47598
25010,43010,1,96995
25010,43030,9,457324
25010,51010,32,8424301
25010,91010,2,44588
25010,92005,3,2458942
25010,92020,4,63575
25010,99810,1145,223898693
25020,15110,4,3066604
25020,15140,2,1379972
25020,15150,2,427824
25020,15205,1,680094
25020,24010,7,19398162
25020,25010,18,105865842
25020,43010,1,7140
25020,43082,1,85448
25020,99810,6,4640188
31110,11105,3,14513
31110,15110,8,811896
31110,15130,1,1602147
31110,15140,1,686668
31110,15150,2,35226
31110,16010,12,1529238
31110,31110,2,290185
31110,31120,2,17729046
31110,31130,1,1408253
31110,31181,1,54
31110,32310,2,21752
31110,43030,8,592207
31110,51010,8,2977057
31110,52010,1,181
31110,91010,8,227622
31110,92005,6,1971303
31110,99810,1392,628497826
31120,11105,12,538435
31120,15110,4,644996
31120,15130,1,71610
31120,15140,4,16883
31120,15150,9,168501
31120,16010,7,18161
31120,25010,1,863902
31120,41010,3,96218
31120,43030,46,6358380
31120,51010,66,41062911
31120,72010,1,173314
31120,73010,2,3285248
31120,91010,11,366119
31120,92005,43,31905881
31120,92030,8,196548
31120,99810,335,114710486
31130,15110,3,220123
31130,15140,1,116377
31130,25010,1,1104679
31130,31130,1,5808483
31130,43030,3,65449
31130,43040,3,153800196
31130,51010,8,456206
31130,74010,1,1909331
31130,91010,11,499573
31130,92005,15,7893367
31130,92030,3,49221
31130,99810,429,114809996
31140,15110,4,363784
31140,32120,2,10722749
31140,43030,28,1620025
31140,51010,11,771273
31140,92005,7,4174620
31140,92030,1,39916
31140,99810,87,25955202
31150,15110,1,92194
31150,31181,2,99130
31150,43030,11,189935
31150,51010,5,268614
31150,91010,5,140286
31150,92030,1,5719
31150,99810,280,24037967
31161,15110,3,365883
31161,43010,1,133787
31161,43030,41,3209715
31161,51010,18,2509896
31161,52010,1,9072
31161,72010,2,722140
31161,91010,2,72994
31161,92005,3,1084022
31161,92030,5,97656
31161,99810,41,2287019
31162,15110,5,567221
31162,43030,12,975455
31162,51010,12,842300
31162,99810,6,349334
31163,11105,1,7683
31163,15110,2,218039
31163,15150,1,11444
31163,16050,1,80435
31163,42010,1,4732
31163,43030,26,1637606
31163,51010,10,1147600
31163,91010,5,59215
31163,92005,2,401651
31163,92030,2,36623
31163,99810,405,68680869
31164,31110,1,73623
31164,43030,3,328031
31164,43040,1,2494890
31164,92005,2,569654
31164,99810,1,
31165,11105,1,20763
31165,51010,2,146746
31165,92005,1,31647
31166,11430,1,215024
31166,15110,27,5492193
31166,15150,1,61550
31166,16010,1,3968
31166,16050,1,9834
31166,43030,6,89165
31166,51010,25,4888184
31166,91010,1,14991
31166,92005,8,3252155
31166,99810,38,2534799
31181,11105,7,119980
31181,11420,1,7997
31181,15110,8,835882
31181,15150,1,235187
31181,32140,1,139425
31181,33110,4,1517038
31181,43030,27,2008631
31181,43081,1,36144
31181,51010,14,1857143
31181,73010,1,173557
31181,91010,23,2061331
31181,92005,10,2544236
31181,99810,111,10591555
31182,11420,2,9595
31182,15110,2,239216
31182,15140,1,3599
31182,43030,3,306311
31182,43082,6,659852
31182,51010,5,450700
31182,91010,39,1922286
31182,92005,1,347099
31182,99810,83,13046452
31191,15110,11,1429088
31191,15140,1,317596
31191,24040,4,3296159
31191,43030,6,183209
31191,51010,9,1755441
31191,91010,1,252
31191,92005,3,990344
31191,92010,8,44105212
31191,92030,1,8791
31191,99810,16,3344785
31192,15110,1,192562
31192,43030,1,7656
31192,51010,2,200788
31192,72010,1,378401
31192,91010,2,16421
31192,99810,4,128231
31193,15110,2,175391
31193,43030,2,130807
31193,51010,3,324481
31193,99810,6,394416
31194,15110,8,923344
31194,15150,1,3689673
31194,31191,1,223204
31194,43030,33,3469454
31194,43081,1,25236
31194,51010,17,2039823
31194,91010,2,202115
31194,92005,4,671727
31194,99810,12,2016428
31195,11105,1,8119
31195,15110,1,121765
31195,43030,1,24350
31195,51010,1,127381
31195,91010,4,18547
31195,99810,277,46399763
31210,11105,1,6925
31210,15110,12,2578176
31210,43030,1,16811
31210,43081,1,575298
31210,51010,14,2891670
31210,91010,6,35332
31210,99810,913,207412656
31220,11105,1,554
31220,15110,12,2009101
31220,15140,1,669332
31220,43030,7,274657
31220,51010,13,2002397
31220,91010,3,80400
31220,92005,1,128922
31220,92030,1,12494
31220,99810,48,6140283
31261,51010,1,92900
31281,15110,7,773005
31281,43030,1,59880
31281,51010,4,957098
31281,91010,4,43493
31281,99810,19,2295709
31282,11420,1,9596
31282,43082,1,133419
31282,51010,1,238174
31282,91010,1,376318
31282,99810,4,193760
31291,99810,12,3229053
31310,11120,1,22105
31310,15110,2,577562
31310,15150,1,93868
31310,51010,1,369473
31310,99810,816,143224335
31320,15110,1,226433
31320,15150,1,45857
31320,43030,12,557425
31320,51010,6,599281
31320,91010,1,4317
31320,99810,199,74940565
31381,11105,4,48902
31381,43030,5,130454
31381,51010,5,657273
31381,91010,1,7779
31381,92005,1,86497
31381,99810,46,13171145
31382,15110,1,99135
31382,51010,2,108845
31382,91010,2,6044
31382,99810,6,119290
31391,51010,1,61960
32110,15140,2,2774957
32110,16010,3,46835
32110,32182,1,309339
32110,43030,3,80275
32110,91010,1,18859
32110,92030,1,15765
32110,99810,828,336121346
32120,11105,6,21899
32120,32182,1,562389
32120,91010,2,1364
32120,92005,1,68034
32120,92030,2,41252
32120,99810,38,7596711
32130,11105,2,25042
32130,11420,1,11919
32130,15110,18,6957354
32130,15140,6,78351
32130,24030,3,57361
32130,25010,2,1392564
32130,32110,1,14803
32130,43030,23,3169790
32130,51010,16,3134020
32130,91010,8,676758
32130,92005,6,1798817
32130,92030,4,77794
32130,99810,182,36783675
32140,11105,1,35683
32140,15110,5,599596
32140,43030,18,1569540
32140,51010,11,731847
32140,91010,1,41092
32140,92005,4,1682548
32140,92030,2,27091
32140,99810,17,1681180
32161,15105,1,9235
32161,43030,24,1844457
32161,51010,9,828491
32161,52010,2,3033006
32161,91010,2,13439
32161,92030,2,15231
32161,99810,445,59004412
32162,99810,216,14400125
32163,43030,10,329239
32163,99810,88,6106590
32164,91010,1,13417
32164,99810,165,13270572
32166,51010,1,152665
32167,99810,6,380685
32168,43030,4,207514
32168,51010,1,38283
32168,99810,2,61372
32169,99810,92,10637278
32170,99810,20,1488099
32171,91010,6,131463
32171,99810,537,153277902
32172,43030,3,57438
32172,99810,49,16833982
32182,11420,1,7197
32182,15150,2,1243032
32182,32182,6,4718610
32182,43082,6,9240285
32182,51010,2,91580
32182,91010,12,862735
32182,99810,171,90198307
32210,15140,1,15490449
32210,15210,8,97158
32210,91010,2,37582
32210,99810,404,105001992
32220,15140,2,595700
32220,32220,1,16906270
32220,41010,2,3087311
32220,43082,2,177023
32220,99810,9,8948557
32261,91010,1,26785
32262,99810,18,4029465
32263,91010,1,74954
32264,99810,2,1096038
32265,99810,2,53003
32310,11105,6,260251
32310,31120,1,
32310,32310,1,1205240
32310,43010,2,1387066
32310,43030,1,97479
32310,51010,2,32689
32310,91010,9,234115
32310,92005,1,230860
32310,92030,1,11949
32310,99810,27,20525903
33110,11105,1,8547
33110,15100,1,4760
33110,15110,2,9088817
33110,15130,1,5010
33110,15140,1,3346
33110,15205,1,293517
33110,16010,7,48160
33110,43030,2,344503
33110,51010,1,150130
33110,91010,1,84938
33110,92005,2,2471999
33110,92020,3,65254
33110,99810,885,220358770
33120,15140,1,1450039
33120,33120,1,352780
33120,43030,3,78885
33120,51010,1,18766
33120,92020,9,202163
33120,99810,104,192775933
33130,11105,2,438022
33130,99810,1,26468
33140,15110,1,859048
33140,91010,2,42370
33140,99810,1,323609
33150,33110,1,587967
33181,15205,7,596300
33181,51010,1,49949
33181,91010,10,148246
33181,99810,117,4967104
33210,11105,5,232623
33210,15110,7,803956
33210,15140,1,5070
33210,16010,3,10793
33210,31120,2,137866
33210,43030,14,1697466
33210,51010,15,1145136
33210,91010,9,101463
33210,99810,591,65830661
41010,11105,10,52274
41010,11420,1,485
41010,13010,2,29606
41010,14015,1,51028
41010,15110,10,1190283
41010,15140,4,1571198
41010,15150,20,3203439
41010,15220,1,1502
41010,16010,5,115402
41010,22040,1,7290
41010,24010,6,160055
41010,24030,1,12952
41010,31120,2,
41010,32110,1,1457946
41010,32120,1,39365
41010,41005,7,13509679
41010,41010,3,11740385
41010,41050,3,770524
41010,43030,10,663338
41010,43040,2,3229410
41010,51010,5,4103959
41010,91010,16,1459986
41010,92005,1,451076
41010,92030,2,29272
41010,99810,1770,321762876
41020,11105,6,9270
41020,15110,1,99135
41020,15140,11,1167572
41020,16010,4,7248
41020,43030,2,26816
41020,43082,7,4189425
41020,51010,1,106605
41020,91010,2,14949
41020,99810,62,6735441
41030,11105,3,167276
41030,15105,2,15630
41030,15110,8,1170060
41030,16010,3,222270
41030,32120,1,12520575
41030,43030,5,129339
41030,43082,2,1169557
41030,51010,12,1382816
41030,91010,1,9609
41030,92030,2,28117
41030,99810,172,26254697
41040,11105,1,2515
41040,15110,3,225391
41040,16010,1,7612
41040,43030,5,570863
41040,51010,12,2032331
41040,91010,2,227112
41040,99810,8,1135770
41050,43030,5,182961
41050,91010,1,7495449
41050,99810,4,126477
41081,11105,10,489760
41081,15110,2,215749
41081,15140,2,16286
41081,15150,1,89340
41081,16010,13,256758
41081,43030,9,262995
41081,51010,9,585984
41081,91010,14,403925
41081,92005,2,281064
41081,99810,120,11586504
41082,11105,5,482916
41082,11420,1,4798
41082,15140,1,15665
41082,16010,3,58179
41082,31120,2,39963
41082,43030,1,4154
41082,43082,8,11627496
41082,51010,3,223642
41082,91010,15,1939429
41082,99810,42,3415144
43010,11105,2,21354365
43010,11120,1,1092
43010,13010,13,342804
43010,15000,1,87365
43010,15105,11,5992327
43010,15110,78,308198605
43010,15120,2,1117054
43010,15130,6,1167081
43010,15140,13,1357351
43010,15150,49,31602053
43010,15205,15,5180501
43010,15210,7,26893943
43010,15220,5,5047973
43010,15230,4,18316274
43010,15250,3,11664706
43010,16010,65,5777787
43010,16020,8,1923876
43010,24010,1,925
43010,24030,48,4976504
43010,25010,2,1278373
43010,31120,8,6796620
43010,32182,1,7557
43010,41005,1,788935
43010,41010,5,292356
43010,42010,2,57058
43010,43010,52,84129174
43010,43030,19,2919996
43010,43082,10,2599334
43010,51010,45,106303386
43010,72010,1,1771
43010,73010,1,2827263
43010,74010,1,1327467
43010,91010,13,309718
43010,92005,63,244296882
43010,92020,73,11751639
43010,99810,851,837414149
43030,11105,4,279489
43030,15110,19,3457023
43030,15140,14,27473718
43030,15150,2,53634
43030,15210,1,17060
43030,16010,3,89637
43030,31120,1,108948
43030,43030,23,6763625
43030,43040,1,95519
43030,51010,23,5349388
43030,91010,4,128720
43030,92005,2,411981
43030,92030,6,222828
43030,99810,307,76284835
43040,13010,1,23129
43040,15110,63,12186948
43040,15120,1,1493437
43040,15140,17,10075045
43040,15150,3,1682717
43040,16010,61,5840825
43040,24030,2,50885
43040,25010,45,598885
43040,31120,1,1160199
43040,31181,1,71560
43040,41010,1,55511
43040,42010,1,550257
43040,43030,38,3997157
43040,43040,26,2539640
43040,43082,1,659920
43040,51010,52,16989809
43040,72010,1,686600
43040,91010,2,32081
43040,92005,44,15120981
43040,92030,11,646377
43040,99810,542,172849615
43050,51010,1,98878
43081,11320,1,100058
43081,11420,5,1683849
43081,15110,2,14515945
43081,15140,4,700763
43081,15150,1,8554
43081,16010,60,4248687
43081,25010,45,2168935
43081,43030,14,423140
43081,51010,5,442839
43081,91010,12,277291
43081,92005,1,191883
43081,92030,2,51363
43081,99810,97,5351455
43082,11105,3,43802
43082,11420,3,114167
43082,13010,1,542881
43082,15140,2,164954
43082,15150,1,940748
43082,16010,3,117045
43082,43030,3,63845
43082,43082,30,18633410
43082,51010,1,78268
43082,73010,1,361070
43082,91010,14,4738717
43082,99810,259,45263482
51010,11105,1,36075
51010,15110,18,290066479
51010,15120,2,1980620
51010,15130,1,289197
51010,33130,1,15670237
51010,51010,22,119872155
51010,92005,1,1174644
51010,92030,1,15903
51010,99810,5,9594883
52010,15110,1,388117
52010,15140,1,2751
52010,15150,2,318278
52010,43030,15,1940870
52010,51010,9,1264201
52010,52010,2,2922209
52010,72010,2,505498
52010,92005,4,5166313
52010,99810,10,16084436
53030,99810,1,13051
53040,15105,3,23338271
53040,51010,3,21739005
60010,43030,1,25217
60010,60010,3,1183737
60010,99810,2,47065
72010,11105,1,5384
72010,11320,1,115057
72010,15105,58,7571705
72010,15110,2,62513606
72010,15130,2,1256254
72010,15140,16,72947
72010,15150,10,3186506
72010,15205,9,2687869
72010,15210,1,199721
72010,15220,1,289242
72010,15240,4,9263144
72010,15250,9,7776072
72010,16010,2,229440
72010,24010,1,140627
72010,24030,1,184298
72010,42010,1,213547
72010,43010,1,17975
72010,43030,69,11916789
72010,43082,1,117570
72010,51010,27,5424871
72010,52010,1,1059594
72010,72000,2,979003
72010,72010,19,20039797
72010,73010,8,20905847
72010,74010,2,1440803
72010,91010,6,28008
72010,92005,18,25516515
72010,92020,1,2279474
72010,92030,1,9695
72010,99810,129,22914871
72040,43030,23,2207146
72040,51010,13,1818838
72040,72010,7,5052173
72040,92005,29,100550496
72040,99810,7,950671
72050,15105,29,1772806
72050,43030,5,87349
73010,11105,1,25064
73010,12220,1,207762
73010,15000,5,1246409
73010,15110,4,305818
73010,15210,3,34787
73010,15220,1,57515313
73010,15250,22,22963782
73010,16010,2,339135
73010,43030,28,3676710
73010,51010,8,648659
73010,73010,4,5016441
73010,91010,4,79452
73010,92005,3,856580
73010,99810,19,159189
74010,43010,1,926751
74010,43030,16,1779176
91010,11330,1,423768
91010,11420,2,96665
91010,13010,5,32381
91010,15105,1,5216
91010,15110,199,5185347024
91010,15130,3,114722
91010,15140,2,35544
91010,15150,7,494213
91010,15205,56,4057885
91010,15220,4,430746
91010,21010,6,626634
91010,24010,1,5551
91010,24030,9,223893
91010,31181,1,1218
91010,32310,1,956
91010,41010,4,304383
91010,43030,16,19764634
91010,51010,1,20354
91010,91010,38,37445017
91010,92030,5,121379
91010,99810,90,3088522
92010,15150,4,188995088
92010,15205,2,888271
92010,43010,1,16875643
92010,43030,9,2646238
92010,51010,1,909193
92010,91010,1,12001
92010,92005,5,105631288
92010,92020,1,35828289
92010,92030,8,1932879
92010,99810,20,60680154
92020,13040,1,4165545
92020,15140,1,441903
92020,15205,1,322908
92020,15220,2,1309568
92020,43030,2,13302
92020,73010,1,144428
92020,92005,1,12202388
92030,15110,36,4430588
92030,16010,1,381133
92030,43030,13,471956
92030,51010,2,57423
92030,92005,3,901207
92030,92030,11,500586
92030,99810,6,585149
93010,11105,1,10155
93010,15205,2,68890
93010,43030,15,3283479
93010,51010,2,131643
93010,91010,5,3705450
93010,99810,86,930110
99810,11105,78,6110424
99810,11420,14,75124
99810,15105,3,137887
99810,15110,20,27073868
99810,15120,4,1326478
99810,15130,2,34832
99810,15140,4,3015737
99810,15150,16,8941722
99810,15205,10,455368
99810,15210,1,248795
99810,15220,1,136542
99810,15240,1,62626
99810,16010,69,5766857
99810,16020,4,165635336
99810,21010,4,43541
99810,21020,1,2655594
99810,24030,7,1713297
99810,25010,45,1618608
99810,41010,2,47613
99810,41082,1,101323
99810,42010,4,470874
99810,43010,107,139185437
99810,43030,52,123406645
99810,43040,2,33661896
99810,43081,4,7719110
99810,43082,2,168324
99810,51010,40,47805737
99810,60030,1,699025
99810,72010,1,2233976
99810,73010,2,1357623
99810,74010,1,1457946
99810,91010,30,11119999
99810,92005,17,16360600
99810,92010,2,17974629
99810,92020,3,1960858
99810,92030,9,479201
99810,99810,1613,2718130528
99820,11105,51,2712965
99820,11420,5,240794
99820,15110,5,25214491
99820,15150,8,870571
99820,15205,2,257586
99820,15220,2,44386
99820,16010,57,2131122
99820,25010,45,971165
99820,42010,1,128008
99820,43030,78,27857142
99820,51010,2,35689
99820,72010,3,1935335
99820,73010,5,2855341
99820,91010,53,33426425
99820,92005,1,4461531
99820,92030,3,322442
99820,99810,77,6550295
99820,99820,1,62656